{
  "project_info": {
    "project_number": "1950497765",
    "firebase_url": "https://salesapp-61b90.firebaseio.com",
    "project_id": "salesapp-61b90",
    "storage_bucket": "salesapp-61b90.appspot.com"
  },
  "client": [
    {
      "client_info": {
        "mobilesdk_app_id": "1:1950497765:android:f6414cb5c496de1e",
        "android_client_info": {
          "package_name": "com.robinhood.applead"
        }
      },
      "oauth_client": [
        {
          "client_id": "1950497765-mj2elat88pgt2gf9j9er8oa6g5sg3l0r.apps.googleusercontent.com",
          "client_type": 3
        }
      ],
      "api_key": [
        {
          "current_key": "AIzaSyAvQd8-xwU22fz89W1McqaoWYVGIYN2scQ"
        }
      ],
      "services": {
        "analytics_service": {
          "status": 1
        },
        "appinvite_service": {
          "status": 1,
          "other_platform_oauth_client": []
        },
        "ads_service": {
          "status": 2
        }
      }
    },
    {
      "client_info": {
        "mobilesdk_app_id": "1:1950497765:android:da4ec945b099a826",
        "android_client_info": {
          "package_name": "com.robinhood.oneconnect"
        }
      },
      "oauth_client": [
        {
          "client_id": "1950497765-mj2elat88pgt2gf9j9er8oa6g5sg3l0r.apps.googleusercontent.com",
          "client_type": 3
        }
      ],
      "api_key": [
        {
          "current_key": "AIzaSyAvQd8-xwU22fz89W1McqaoWYVGIYN2scQ"
        }
      ],
      "services": {
        "analytics_service": {
          "status": 1
        },
        "appinvite_service": {
          "status": 1,
          "other_platform_oauth_client": []
        },
        "ads_service": {
          "status": 2
        }
      }
    }
  ],
  "configuration_version": "1"
}